hours,x_m,numerical_w_kg_m3,analytical_w_kg_m3,error
100,0.0005,20.78807288976773,20.787589367282326,0.00048352248540339815
100,0.0015,23.290080519796582,23.288634988120215,0.0014455316763672954
100,0.0025,25.78340566250091,25.78101315130707,0.0023925111938396526
100,0.0035,28.262326948593834,28.259012250022895,0.003314698570939356
100,0.0045000000000000005,30.721222628959158,30.717019917106434,0.004202711852723695
100,0.0055,33.15460880981876,33.149561118799866,0.0050476910188947954
100,0.006500000000000001,35.55717610631859,35.55133467737173,0.00584142894686579
100,0.0075,37.923824306664095,37.917247817287105,0.006576489376989514
100,0.0085,40.24969467068471,40.242448361023676,0.0072463096610349
100,0.0095,42.53019952415096,42.522354237705585,0.007845286445373745
100,0.0105,44.761048852545585,44.75268000969382,0.00836884285176609
100,0.0115,46.93827364444777,46.929460168289395,0.008813476158373135
100,0.0125,49.058245784303956,49.04906899886336,0.009176785440594415
100,0.0135,51.11769434615622,51.10823686706551,0.00945747909071315
100,0.0145,53.113718192885585,53.10406283029761,0.009655362587977834
100,0.0155,55.043794838700556,55.03402353138076,0.009771307319795142
100,0.0165,56.90578558498832,56.89597838333283,0.009807201655490871
100,0.0175,58.697936990308385,58.68817110447839,0.009765885829992271
100,0.0185,60.418878783379604,60.40922771087704,0.009651072502563807
100,0.0195,62.067618372599604,62.05815111749242,0.009467255107182382
100,0.0205,63.643532146247104,63.634312539947004,0.00921960630009977
100,0.021500000000000002,65.14635379346994,65.13743992453388,0.008913868936062386
100,0.0225,66.5761599069862,66.56760366491994,0.008556242066262598
100,0.0235,67.93335315378114,67.92519988933341,0.008153264447727793
100,0.0245,69.21864331975128,69.2109316217603,0.0077116979909845895
100,0.025500000000000002,70.4330265481396,70.42578813468603,0.007238413453563908
100,0.0265,71.57776309975142,71.57102281923424,0.006740280517178121
100,0.0275,72.65435396548692,72.64812990131307,0.006224064173849797
100,0.0285,73.6645166589245,73.65882032982583,0.005696329098668684
100,0.029500000000000002,74.61016050888693,74.60499715547456,0.005163353412370952
100,0.0305,75.49336175954737,75.48873070660177,0.004631052945597958
100,0.0315,76.31633876918008,76.31223385236486,0.004104916815222737
100,0.0325,77.08142757868005,77.07783762385755,0.003589954822501795
100,0.0335,77.79105809804952,77.78796744116102,0.003090656888502963
100,0.0345,78.44773113378551,78.4451201693204,0.0026109644651057806
100,0.035500000000000004,79.05399645310918,79.0518421995087,0.0021542536004801605
100,0.0365,79.61243205286227,79.61070872375387,0.001723329108401117
100,0.0375,80.12562477224043,80.12430434315033,0.001320429090100106
100,0.0385,80.59615235988599,80.59520512099586,0.000947238890134372
100,0.0395,81.0265670777371,81.02596216430045,0.0006049134366463704
100,0.0405,81.41938089688026,81.41908679005935,0.00029410682090258433
100,0.0415,81.77705231488423,81.77703730697314,1.5007911088105175e-05
100,0.0425,82.10197480004481,82.10220741927618,-0.00023261923136885798
100,0.043500000000000004,82.39646684592135,82.39691623727884,-0.00044939135749189063
100,0.0445,82.66276359971124,82.66339985936106,-0.0006362596498235007
100,0.0455,82.90301001053858,82.90380447262369,-0.000794462085110581
100,0.0465,83.11925542871968,83.12018090430992,-0.0009254755902361467
100,0.0475,83.31344957454279,83.31448054348535,-0.0010309689425582746
100,0.0485,83.48743978504538,83.48855254229915,-0.0011127572537645847
100,0.0495,83.64296943962181,83.64414219837865,-0.001172758756837311
100,0.0505,83.78167745994041,83.78289041443081,-0.001212954490398488
100,0.051500000000000004,83.90509877645246,83.90633412780123,-0.0012353513487681766
100,0.0525,84.01466565256368,84.01590760140648,-0.0012419488428037084
100,0.0535,84.11170975812418,84.11294446792188,-0.0012347097976999066
100,0.0545,84.19746488606842,84.19868042117261,-0.001215535104194032
100,0.0555,84.2730702095885,84.27425645212693,-0.0011862425384379094
100,0.0565,84.33957398193655,84.34072253151321,-0.0011485495766550002
100,0.0575,84.39793758660674,84.39904164666066,-0.0011040600539189427
100,0.0585,84.44903985204158,84.45009410649251,-0.0010542544509348772
100,0.059500000000000004,84.4936815519339,84.49468203547706,-0.0010004835431516312
100,0.0605,84.53259001947993,84.53353398458577,-0.0009439651058471554
100,0.0615,84.566423811401,84.56730959474541,-0.0008857833444153584
100,0.0625,84.59577736504926,84.59660425575042,-0.000826890701162597
100,0.0635,84.62118559930339,84.62195371099071,-0.0007681116873214933
100,0.0645,84.64312841713782,84.64383856552871,-0.0007101483908940054
100,0.0655,84.66203507461279,84.66268866193633,-0.0006535873235407053
100,0.0665,84.67828838750744,84.67888729479415,-0.000598907286715189
100,0.0675,84.6922287528463,84.6927752408079,-0.0005464879615999507
100,0.0685,84.70415796810758,84.70465458705957,-0.0004966189519848285
100,0.0695,84.71434283592303,84.7147923449634,-0.00044950904036511474
100,0.07050000000000001,84.72301854657036,84.72342384201767,-0.0004052954473081627
100,0.07150000000000001,84.73039183452033,84.73075588743495,-0.00036405291461960587
100,0.0725,84.73664390873878,84.73696971120387,-0.00032580246508473465
100,0.0735,84.74193315937907,84.74222367909837,-0.00029051971930016407
100,0.0745,84.74639764595625,84.74665578863551,-0.0002581426792573893
100,0.0755,84.75015737410135,84.75038595301461,-0.0002285789132656646
100,0.0765,84.7533163695876,84.7535180816877,-0.0002017121001074429
100,0.0775,84.75596455953452,84.75614196744561,-0.00017740791109588372
100,0.0785,84.75817947157375,84.75833499080005,-0.000155519226296974
100,0.0795,84.76002776233493,84.7601636530303,-0.0001358906953754513
100,0.0805,84.76156658692376,84.76168494959146,-0.00011836266769194026
100,0.0815,84.76284482115352,84.76294759567725,-0.00010277452372520202
100,0.0825,84.76390414818803,84.76399311563677,-8.896744873254647e-05
100,0.0835,84.76478002099616,84.76485680769073,-7.678669457789056e-05
100,0.0845,84.7655025116311,84.76556859500921,-6.608337811542242e-05
100,0.0855,84.76609705786201,84.76615377372909,-5.671586707478582e-05
100,0.08650000000000001,84.76658511712431,84.76663366792857,-4.855080426580116e-05
100,0.08750000000000001,84.76698473714106,84.76702620096057,-4.146381951386502e-05
100,0.0885,84.7673110519169,84.76734639189436,-3.533997745819306e-05
100,0.0895,84.7675767111381,84.76760678514462,-3.007400651711123e-05
100,0.0905,84.76779225033542,84.76781782068664,-2.5570351226633647e-05
100,0.0915,84.76796640849729,84.76798815158348,-2.1743086193737327e-05
100,0.0925,84.7681063991595,84.76812491488678,-1.851572727673556e-05
100,0.0935,84.7682181403599,84.76823396133067,-1.5820970759250486e-05
100,0.0945,84.76830644822681,84.76832004861497,-1.3600388157897214e-05
100,0.0955,84.76837519837973,84.76838700248013,-1.1804100395806927e-05
100,0.0965,84.76842745875378,84.76843784920571,-1.0390451933517397e-05
100,0.0975,84.7684655969201,84.76847492262131,-9.32570121392473e-06
100,0.0985,84.76849136446077,84.76849994820273,-8.58374195900069e-06
100,0.0995,84.76850596046401,84.76851410632949,-8.145865479036729e-06
100,0.1005,84.76851007573487,84.76851807630739,-8.000572520927562e-06
100,0.1015,84.76850391886195,84.76851206230162,-8.14343967192599e-06
100,0.10250000000000001,84.76848722483834,84.76849580188177,-8.57704343104615e-06
100,0.10350000000000001,84.76845924650328,84.76846855744546,-9.31094217548889e-06
100,0.1045,84.76841872864227,84.76842909035625,-1.0361713975726161e-05
100,0.1055,84.76836386415694,84.76837561720318,-1.1753046237572562e-05
100,0.1065,84.76829223128456,84.76830574715407,-1.3515869511593337e-05
100,0.1075,84.76820071040999,84.76821639893743,-1.5688527440715916e-05
100,0.1085,84.76808537856373,84.76810369553263,-1.8316968905196518e-05
100,0.1095,84.76794137923726,84.76796283418712,-2.145494985938967e-05
100,0.1105,84.76776276466917,84.76778792889519,-2.5164226016727298e-05
100,0.1115,84.76754230725933,84.76757182197488,-2.9514715549794346e-05
100,0.1125,84.7672712762533,84.7673058608633,-3.458461000604984e-05
100,0.1135,84.7669391753089,84.7669796357136,-4.046040469063428e-05
100,0.1145,84.76653343600701,84.76658067282736,-4.723682035034926e-05
100,0.1155,84.76603906180807,84.76609407839054,-5.5016582464872954e-05
100,0.1165,84.7654382163869,84.76550212641011,-6.391002321493033e-05
100,0.11750000000000001,84.76470974970655,84.7647837841736,-7.403446704756789e-05
100,0.11850000000000001,84.76382865462784,84.76391416798805,-8.551336020445888e-05
100,0.11950000000000001,84.76276544630424,84.76286392140693,-9.847510268912174e-05
100,0.1205,84.76148545609571,84.7615985076341,-0.0001130515383920283
100,0.1215,84.75994803126251,84.76007740732567,-0.000129376063156883
100,0.1225,84.75810563129431,84.75825321260248,-0.0001475813081697197
100,0.1235,84.75590281140367,84.75607060776494,-0.0001677963612678468
100,0.1245,84.75327508349665,84.75346522698788,-0.00019014349123835927
100,0.1255,84.75014764484519,84.75036237919424,-0.00021473434905772137
100,0.1265,84.74643396475871,84.74667563038312,-0.00024166562441507722
100,0.1275,84.74203421981173,84.74230523396109,-0.00027101414936225865
100,0.1285,84.73683356866148,84.73713640011344,-0.0003028314519610831
100,0.1295,84.73070025821833,84.7310373959956,-0.000337137777265184
100,0.1305,84.72348355394223,84.723857469553,-0.0003739156107656072
100,0.1315,84.71501148836168,84.71542459112052,-0.00041310275884143266
100,0.1325,84.70508842358257,84.70554300864339,-0.00045458506082241
100,0.1335,84.6934924255951,84.69399061442763,-0.0004981888325374939
100,0.1345,84.67997245062992,84.68051612379288,-0.0005436731629657743
100,0.1355,84.66424534667264,84.66483606888727,-0.0005907222146248614
100,0.1365,84.64599267654239,84.64663161424292,-0.0006389377005291408
100,0.1375,84.62485737267461,84.62554520441327,-0.0006878317386593835
100,0.1385,84.60044023792543,84.6011770582338,-0.0007368203083757408
100,0.1395,84.57229631132233,84.57308152887697,-0.0007852175546361195
100,0.1405,84.5399311226989,84.54076335390513,-0.0008322312062318815
100,0.14150000000000001,84.50279686553804,84.50367382492625,-0.0008769593882078652
100,0.14250000000000002,84.46028852305814,84.46120691217682,-0.0009183891186808069
100,0.14350000000000002,84.4117399885457,84.41269538532828,-0.000955396782572393
100,0.1445,84.3564202270868,84.35740697795933,-0.000986750872527864
100,0.1455,84.2935295320862,84.29454064935783,-0.0010111172716307237
100,0.1465,84.22219593617025,84.22322300350338,-0.001027067333126297
100,0.1475,84.14147184212862,84.14250493110647,-0.0010330889778487062
100,0.1485,84.05033094531177,84.0513585463015,-0.001027600989729649
100,0.1495,83.9476655242202,83.94867449485399,-0.0010089706337907955
100,0.1505,83.83228418072481,83.83325971538383,-0.0009755346590196723
100,0.1515,83.70291011527819,83.70383573895072,-0.000925623672529241
100,0.1525,83.55818002543039,83.55903761521935,-0.0008575897889642192
100,0.1535,83.3966437177733,83.39741355514,-0.0007698373667039959
100,0.1545,83.21676452392423,83.21742538046749,-0.0006608565432628666
100,0.1555,83.0169206101509,83.01744986933221,-0.0005292591813059744
100,0.1565,82.79540726758185,82.79578108431221,-0.0003738167303595219
100,0.1575,82.55044026549197,82.55063376489747,-0.00019349940549773237
100,0.1585,82.28016034378975,82.28014785977537,1.2484014376923369e-05
100,0.1595,81.98263891246901,81.98239426590831,0.0002446465607022219
100,0.1605,81.65588501536908,81.65538183087511,0.0005031844939651364
100,0.1615,81.29785360309894,81.29706566239084,0.0007879407081077261
100,0.1625,80.90645514544885,80.90535677433766,0.0010983711111833827
100,0.1635,80.47956659711325,80.47813308211275,0.0014335150004995967
100,0.1645,80.0150437122087,80.013251741751,0.0017919704576883078
100,0.1655,79.51073468306677,79.50856280730125,0.0021718757655264653
100,0.1665,78.96449505734451,78.96192415954587,0.002570897798634064
100,0.1675,78.37420386491416,78.37121763665158,0.002986228262585655
100,0.1685,77.73778086259439,77.73436627405073,0.003414588543662944
100,0.1695,77.05320478095894,77.0493525371633,0.0038522437956345357
100,0.1705,76.31853243362028,76.31423740689928,0.00429502672099602
100,0.1715,75.53191852599868,75.52718015468524,0.0047383713134365735
100,0.17250000000000001,74.69163597813454,74.68645862152056,0.00517735661398433
100,0.17350000000000002,73.79609655508476,73.7904897947846,0.005606760300153724
100,0.17450000000000002,72.84387157937489,72.8378504576895,0.006021121685392927
100,0.17550000000000002,71.8337124833573,71.82729766990366,0.006414813453645252
100,0.1765,70.76457094564037,70.75778882443552,0.00678212120485
100,0.1775,69.6356183454607,69.62850101581643,0.0071173296442736955
100,0.1785,68.4462642623786,68.43884944835952,0.007414814019085725
100,0.1795,67.19617374634845,67.1885046111463,0.007669135202149846
100,0.1805,65.8852830853318,65.87740794868859,0.007875136643221481
100,0.1815,64.51381380439872,64.50578576312904,0.008028041269682262
100,0.1825,63.08228464181722,63.074161095500735,0.008123546316483043
100,0.1835,61.59152126399335,61.583363349978114,0.00815791401523569
100,0.1845,60.04266350221457,60.03453544614605,0.008128056068521516
100,0.1855,58.437169919790264,58.42913830990342,0.008031609886842261
100,0.1865,56.77681954808949,56.768952543419545,0.007867004669947164
100,0.1875,55.06371066375777,55.056077148185224,0.007633515572543104
100,0.1885,53.300256516567515,53.2929252121648,0.00733130440271168
100,0.1895,51.48917795734372,51.482216511786675,0.00696144555704592
100,0.1905,49.633492957548896,49.626967021354815,0.006525936194080373
100,0.1915,47.736503055688516,47.73047536570938,0.0060276899791347205
100,0.1925,45.80177680992885,45.796306295836835,0.005470514092017709
100,0.1935,43.83313038039478,43.828271310830516,0.004859069564261631
100,0.1945,41.834605407701645,41.830406592305174,0.004198815396470934
100,0.1955,39.81044439554636,39.80694845826175,0.0034959372846117276
100,0.1965,37.76506384382716,37.76230658167652,0.0027572621506379846
100,0.1975,35.703025414013034,35.701035253997425,0.0019901600156089216
100,0.1985,33.62900543963075,33.627803004569635,0.0012024350611170576
100,0.1995,31.547763121146648,31.547360913157167,0.0004022079894809849
300,0.0005,20.2585835007856,20.258490511956133,9.298882946850995e-05
300,0.0015,21.703955277442006,21.703676633925195,0.0002786435168111723
300,0.0025,23.147654475533166,23.147191144584422,0.0004633309487438453
300,0.0035,24.588570343335373,24.587923931526944,0.0006464118084288373
300,0.0045000000000000005,26.025598562678436,26.024771307658405,0.0008272550200310036
300,0.0055,27.457643787611367,27.4566385466443,0.0010052409670677775
300,0.006500000000000001,28.88362214853735,28.882442383903708,0.0011797646336404455
300,0.0075,30.302463712271418,30.301113473624007,0.0013502386474115724
300,0.0085,31.713114888711182,31.711598792506837,0.0015160962043445636
300,0.0095,33.114540775096266,33.11286398124045,0.0016767938558146511
300,0.0105,34.50572742916582,34.503895615025414,0.001831814140409449
300,0.0115,35.885684062900644,35.88370339485748,0.0019806680431670998
300,0.0125,37.25344514895751,37.25132225169003,0.0021228972674833813
300,0.0135,38.60807243236262,38.605814356057365,0.0022580763052530983
300,0.0145,39.94865684052737,39.946271026233845,0.002385814293525357
300,0.0155,41.27432028517909,41.271814528532154,0.0025057566469328663
300,0.0165,42.58421735035743,42.58159976390026,0.002617586457169807
300,0.0175,43.87753686121215,43.8748158355593,0.002721025652846265
300,0.0185,45.153503328943586,45.1506874930291,0.002815835914482534
300,0.0195,46.411378267851624,46.408476448509965,0.0029018193416590066
300,0.0205,47.650461381096925,47.64748256222564,0.002978818871284261
300,0.021500000000000002,48.870091612425206,48.86704489397797,0.00304671844723714
300,0.0225,50.06964806175959,50.066542618815234,0.0031054429443528875
300,0.0235,51.248550763219946,51.245395805369085,0.003154957850860285
300,0.0245,52.40626132478066,52.40306605606543,0.0031952687152312365
300,0.025500000000000002,53.54228342942441,53.539057009058794,0.0032264203656140467
300,0.0265,54.656163198283785,54.6529147023733,0.0032484959104834843
300,0.0275,55.74748941688504,55.744227801353205,0.0032616155318336837
300,0.0285,56.8158936262109,56.812627691128064,0.0032659350828367906
300,0.029500000000000002,57.86105008088212,57.85778843637896,0.003261644503162131
300,0.0305,58.88267557731568,58.879426611249286,0.003248966066394132
300,0.0315,59.88052915524882,59.87730100277352,0.0032281524753017266
300,0.0325,60.854411676518616,60.85121219169817,0.0031994848204490722
300,0.0335,61.804165285456364,61.801002015036836,0.003163270419527464
300,0.0345,62.72967275569013,62.72655291513563,0.003119840554504094
300,0.035500000000000004,63.6308567285465,63.62778718042239,0.0030695481241096445
300,0.0365,64.50767884860333,64.50466608337342,0.0030127652299114516
300,0.0375,65.36013880226547,65.35718892155231,0.002949880713160269
300,0.0385,66.18827326551636,66.18539196785531,0.0028812976610481655
300,0.0395,66.99215476723855,66.98934733633925,0.002807430899295582
300,0.0405,67.77189047469344,67.76916177020514,0.0027287044882911005
300,0.0415,68.52762090790907,68.52497535866948,0.002645549239588263
300,0.0425,69.25951858983983,69.25696018957099,0.002558400268839023
300,0.043500000000000004,69.96778663923703,69.965318944637,0.0024676946000283806
300,0.0445,70.6526573132049,70.65028344436925,0.002373868835647386
300,0.0455,71.31439050641282,71.31211314950622,0.002277356906603245
300,0.0465,71.95327221389228,71.9510936259787,0.00217858791357628
300,0.0475,72.56961296427016,72.56753498019799,0.002077984072172967
300,0.0485,73.16374623017624,73.16177027140523,0.0019759587710126425
300,0.0495,73.73602682241841,73.73415390766547,0.0018729147529370493
300,0.0505,74.28682927434187,74.28506003191545,0.001769242426419737
300,0.051500000000000004,74.81654622258407,74.81488090426978,0.0016653183142807393
300,0.0525,75.32558679020529,75.32402528656058,0.0015615036447087505
300,0.0535,75.81437497791951,75.81291683483018,0.0014581430893372271
300,0.0545,76.28334806887224,76.28199250522154,0.001355563650704994
300,0.0555,76.73295505211644,76.73170097841499,0.0012540737014461456
300,0.0565,77.16365506962376,77.16250110744838,0.0011539621753797746
300,0.0575,77.5759158913421,77.5748603934316,0.0010554979104995255
300,0.0585,77.97021242247068,77.969253493329,0.0009589291416745027
300,0.059500000000000004,78.34702524677805,78.34616076363673,0.0008644831413135989
300,0.0605,78.70683920943276,78.70606684342899,0.0007723660037726177
300,0.0615,79.05014204246014,79.04945927989047,0.0006827625696672612
300,0.0625,79.37742303557766,79.37682719909317,0.0005958364844929065
300,0.0635,79.68917175480462,79.68866002441825,0.0005117303863642064
300,0.0645,79.98587681088395,79.98544624466842,0.00043056621552750585
300,0.0655,80.26802467920548,80.26767223356609,0.0003524456393932951
300,0.0665,80.53609857257439,80.5358211219897,0.00027745058469008654
300,0.0675,80.79057736783626,80.79037172396622,0.0002056438700464014
300,0.0685,81.03193458704334,81.03179751711417,0.00013706992916695526
300,0.0695,81.26063743353808,81.26056567792031,7.175561776762152e-05
300,0.07050000000000001,81.47714588302908,81.47713617193472,9.711094364206474e-06
300,0.07150000000000001,81.68191182945348,81.68196089868678,-4.906923329883739e-05
300,0.0725,81.87537828515269,81.87548289085728,-0.00010460570459258633
300,0.0735,82.057978634638,82.05813556699232,-0.0001569323543151313
300,0.0745,82.23013594099136,82.2303420368132,-0.00020609582183794828
300,0.0755,82.39226230373494,82.39251445796302,-0.00025215422807889354
300,0.0765,82.54475826680681,82.54505344283757,-0.00029517603076101295
300,0.0775,82.68801227510978,82.68834751397318,-0.0003352388633999226
300,0.0785,82.82240017794344,82.82277260631136,-0.00037242836792472644
300,0.0795,82.94828477749806,82.94869161452479,-0.00040683702673049993
300,0.0805,83.06601542047463,83.0664539834766,-0.00043856300197830933
300,0.0815,83.17592763080238,83.17639533979087,-0.0004677089884950192
300,0.0825,83.27834278135207,83.27883716243801,-0.0004943810859430187
300,0.0835,83.37356780248832,83.3740864901861,-0.0005186876977774091
300,0.0845,83.46189492527267,83.4624356637324,-0.0005407384597333476
300,0.0855,83.54360145710932,83.54416210031496,-0.0005606432056453059
300,0.08650000000000001,83.61894958763163,83.61952809860462,-0.0005785109729856686
300,0.08750000000000001,83.68818622264455,83.68878067169805,-0.0005944490535085833
300,0.0885,83.75154284397607,83.75215140606846,-0.0006085620923954593
300,0.0895,83.80923539314287,83.80985634438196,-0.0006209512390853433
300,0.0905,83.86146417680239,83.86209589015574,-0.0006317133533570995
300,0.0915,83.90841379204579,83.90905473231429,-0.0006409402684965926
300,0.0925,83.95025306968067,83.9509017877954,-0.0006487181147321053
300,0.0935,83.98713503375956,83.98779016046379,-0.0006551267042311792
300,0.0945,84.01919687572847,84.01985711470797,-0.0006602389795062891
300,0.0955,84.04655994169761,84.04722406222464,-0.0006641205270341288
300,0.0965,84.06932973147444,84.06999656063103,-0.0006668291565858908
300,0.0975,84.08759590814407,84.08826432269133,-0.0006684145472632963
300,0.0985,84.10143231713411,84.10210123509536,-0.000668917961249349
300,0.0995,84.11089701385926,84.11156538588456,-0.0006683720253022329
300,0.1005,84.11603229920296,84.11669909978319,-0.0006668005802339394
300,0.1015,84.11686476225987,84.11752898085822,-0.0006642185983594118
300,0.10250000000000001,84.11340532993067,84.11406596209953,-0.0006606321688593653
300,0.10350000000000001,84.10564932313072,84.10630536168098,-0.0006560385502609734
300,0.1045,84.09357651954275,84.09422694583297,-0.0006504262902211622
300,0.1055,84.07715122301376,84.07779499842461,-0.0006437754108503668
300,0.1065,84.05632233986103,84.05695839752062,-0.0006360576595909606
300,0.1075,84.03102346251671,84.03165069934064,-0.0006272368239308435
300,0.1085,84.00117296109839,84.00179023020746,-0.0006172691090711169
300,0.1095,83.96667408364684,83.96728018722348,-0.0006061035766435907
300,0.1105,83.92741506591982,83.92800874856295,-0.0005936826431280906
300,0.1115,83.88326925176888,83.8838491944051,-0.0005799426362216309
300,0.1125,83.83409522525938,83.83466003966592,-0.0005648144065446559
300,0.1135,83.77973695581397,83.78028517980678,-0.0005482239928085164
300,0.1145,83.72002395777247,83.72055405111024,-0.0005300933377725414
300,0.1155,83.65477146586052,83.65528180691257,-0.000510341052049057
300,0.1165,83.5837806281481,83.58426951137102,-0.0004888832229141826
300,0.11750000000000001,83.50683871815426,83.5073043524186,-0.00046563426434431676
300,0.11850000000000001,83.423719367815,83.42415987562043,-0.0004405078054361411
300,0.11950000000000001,83.33418282308043,83.33459624069256,-0.00041341761213686823
300,0.1205,83.23797622393663,83.23836050247579,-0.00038427853915834476
300,0.1215,83.13483391066679,83.13518691817376,-0.00035300750697331296
300,0.1225,83.02447775816461,83.0247972826636,-0.00031952449899108615
300,0.1235,82.90661754009678,82.90690129367084,-0.0002837535740667363
300,0.1245,82.78095132467857,82.78119694856738,-0.00024562388881577135
300,0.1255,82.64716590377444,82.64737097449824,-0.000205070723808376
300,0.1265,82.50493725696788,82.5050992934757,-0.00016203650781676515
300,0.1275,82.35393105215829,82.35404752399228,-0.00011647183399077221
300,0.1285,82.193803184138,82.19387152059892,-6.833646091308765e-05
300,0.1295,82.02420035248164,82.02421795277418,-1.760029253716766e-05
300,0.1305,81.84476067994048,81.84472492426984,3.575567063762719e-05
300,0.1315,81.65511437237741,81.65502263396186,9.173841554854789e-05
300,0.1325,81.45488442110567,81.45473407906229,0.000150342043383489
300,0.1335,81.24368734830436,81.24347580135824,0.00021154694611880132
300,0.1345,81.02113399597864,81.02085867693822,0.00027531904042632505
300,0.1355,80.78683035871218,80.7864887496464,0.00034160906578506456
300,0.1365,80.54037846022536,80.5399681082715,0.00041035195386029955
300,0.1375,80.28137727350573,80.28089580722893,0.0004814662767955724
300,0.1385,80.00942368401773,80.00886883023713,0.0005548537805992737
300,0.1395,79.72411349522923,79.72348309621925,0.0006303990099780776
300,0.1405,79.4250424754138,79.42433450638208,0.000707969031722655
300,0.14150000000000001,79.11180744440023,79.11102003113898,0.0007874132612499807
300,0.14250000000000002,78.78400739864864,78.78313883525007,0.000868563398569222
300,0.14350000000000002,78.441244672735,78.44029343925712,0.0009512334778776221
300,0.1445,78.08312613502495,78.08209091499003,0.0010352200349217355
300,0.1455,77.70926441501922,77.70814411262278,0.0011203023964441172
300,0.1465,77.31927915954978,77.31807291645677,0.001206243093008652
300,0.1475,76.91279831471313,76.91150552631409,0.0012927883990414557
300,0.1485,76.48945943013253,76.48807976113288,0.0013796689996468103
300,0.1495,76.04891098185892,76.04744438107357,0.0014666007853492147
300,0.1505,75.59081370994534,75.5892604241713,0.0015532857740367945
300,0.1515,75.11484196646619,75.11320255330774,0.0016394131584434035
300,0.1525,74.62068506950435,74.61896040902789,0.001724660476455142
300,0.1535,74.10804865839563,74.10623996349469,0.0018086949009443742
300,0.1545,73.57665604530504,73.57476487066077,0.001891174644271132
300,0.1555,73.02624955801403,73.0242778075419,0.001971750472122835
300,0.1565,72.45659186862538,72.45454180130562,0.0020500673197574315
300,0.1575,71.86746730274301,71.86534153673958,0.00212576600343084
300,0.1585,71.25868312356022,71.25648463854255,0.0021984850176721693
300,0.1595,70.63007078519523,70.62780292278524,0.0022678624099938816
300,0.1605,69.9814871495443,69.97915361182288,0.0023335377214124264
300,0.1615,69.3128156608872,69.31042050690479,0.002395153982405418
300,0.1625,68.623967472474,68.62151511272221,0.002452359751799804
300,0.1635,67.91488251934983,67.91237770816377,0.0025048111860570543
300,0.1645,67.18553053173392,67.18297835760856,0.0025521741253555774
300,0.1655,66.4359119833659,66.43331785718281,0.0025941261830837448
300,0.1665,65.66605896935876,65.66342861053481,0.0026303588239500186
300,0.1675,64.87603600826317,64.87337542884703,0.00266057941614406
300,0.1685,64.06594076324521,64.06325625000181,0.002684513243394804
300,0.1695,63.23590467751078,63.23320277204995,0.0027019054608317106
300,0.1705,62.386093519377305,62.38338099639605,0.0027125229812554608
300,0.1715,61.51670783268894,61.51399167641344,0.002716156275496928
300,0.17250000000000001,60.62798328860408,60.62527066753003,0.0027126210740462398
300,0.17350000000000002,59.720190935142206,59.71748917518744,0.002701759954767624
300,0.17450000000000002,58.79363734126678,58.79095389746298,0.002683443803803698
300,0.17550000000000002,57.84866463269676,57.84600705956001,0.002657573136751523
300,0.1765,56.88565041708018,56.88302633781201,0.002624079268166213
300,0.1775,55.905007596626206,55.90242467130791,0.0025829253182934053
300,0.1785,54.907184066776594,54.904649959729824,0.002534107046770373
300,0.1795,53.89266229999796,53.89018464649325,0.0024776535047053017
300,0.1805,52.86195881429289,52.85954518679585,0.0024136274970416594
300,0.1815,51.81562352655536,51.81328140070629,0.0023421258490756713
300,0.1825,50.75423899143282,50.751975711960874,0.002263279471947044
300,0.1835,49.67841952689876,49.676242273675406,0.002177253223351272
300,0.1845,48.58881022828446,48.5867259827228,0.002084245561661646
300,0.1855,47.48608587306074,47.48410138506786,0.0019844879928783143
300,0.1865,46.370949719199466,46.369071474888415,0.0018782443110509917
300,0.1875,45.244132200474525,45.24236639083933,0.0017658096351951258
300,0.1885,44.10638952258084,44.10474201333411,0.0016475092467302943
300,0.1895,42.958502164453854,42.956978467221084,0.001523697232769905
300,0.1905,41.8012732896579,41.79987853471452,0.0013947549433765971
300,0.1915,40.63552707317609,40.634265983905536,0.0012610892705566812
300,0.1925,39.462106949374444,39.46098381861461,0.0011231307598364992
300,0.1935,38.28187378732531,38.28089245575983,0.0009813315654767507
300,0.1945,37.095704000057815,37.0948678367952,0.0008361632626119331
300,0.1955,35.904487594651975,35.90379948012223,0.0006881145297441549
300,0.1965,34.709126170407956,34.70858848169112,0.0005376887168324629
300,0.1975,33.51053087259853,33.51014547128355,0.0003854013149791058
300,0.1985,32.309620309550425,32.30938853220588,0.00023177734454549181
300,0.1995,31.107318440997197,31.107241092318443,7.734867875441864e-05
1000,0.0005,19.925146113053003,19.92513238052223,1.373253077474601e-05
1000,0.0015,20.704097119739643,20.7040559362856,4.118345404435786e-05
1000,0.0025,21.48273632488933,21.482667732900445,6.859198888520268e-05
1000,0.0035,22.260856034857436,22.260760104893002,9.592996443430479e-05
1000,0.0045000000000000005,23.038248816836777,23.03812564749506,0.0001231693417160784
1000,0.0055,23.8147076027281,23.814557320462075,0.00015028226602353811
1000,0.006500000000000001,24.590025792547095,24.58984855142821,0.00017724111888384186
1000,0.0075,25.3639973572371,25.363793338667655,0.00020401856944474162
1000,0.0085,26.13641694075794,26.13618635313261,0.00023058762532812693
1000,0.0095,26.90707996132257,26.906823039639875,0.00025692168269486615
1000,0.0105,27.675782711654925,27.67549971707954,0.00028299457538594197
1000,0.0115,28.442322458144606,28.442013677521334,0.00030878062327133193
1000,0.0125,29.206497538775626,29.206163284096263,0.0003342546793625445
1000,0.0135,29.96810745970947,29.967748067533613,0.0003593921758557883
1000,0.0145,30.72695299040495,30.726568821236043,0.00038416916890682273
1000,0.0155,31.482836257160425,31.48242769477843,0.000408562381995381
1000,0.0165,32.23556083496699,32.235128285719114,0.0004325492478756132
1000,0.0175,32.98493183756449,32.984475729615525,0.00045610794896333573
1000,0.0185,33.730756005595964,33.730276788139896,0.0004792174560677154
1000,0.0195,34.47284179275954,34.472339935194114,0.000501857565424757
1000,0.0205,35.21099944986096,35.21047544092698,0.000524008933979303
1000,0.021500000000000002,35.945041106673955,35.94449545356126,0.0005456531126952768
1000,0.0225,36.67478085151986,36.674214078941844,0.0005667725780185151
1000,0.0235,37.40003480848246,37.399447457721166,0.0005873507612932372
1000,0.0245,38.12062121217848,38.12001384010241,0.0006073720760682022
1000,0.025500000000000002,38.836360480009134,38.83573365806574,0.0006268219433920308
1000,0.0265,39.54707528182266,39.54642959500785,0.0006456868148063677
1000,0.0275,40.25259060692308,40.251926652729885,0.0006639541931932058
1000,0.0285,40.952733828365425,40.952052215714076,0.0006816126513484733
1000,0.029500000000000002,41.647334764482785,41.64663611263458,0.0006986518482037241
1000,0.0305,42.33622573759602,42.33551067505323,0.0007150625427883028
1000,0.0315,43.01924162986227,43.01851079325643,0.0007308366058396132
1000,0.0325,43.69621993622375,43.695473969194865,0.0007459670288838538
1000,0.0335,44.36700081442402,44.366240366492875,0.0007604479311424939
1000,0.0345,45.03142713206439,45.03065285750047,0.0007742745639163218
1000,0.035500000000000004,45.68934451067856,45.68855706736599,0.0007874433125678593
1000,0.0365,46.340601366809416,46.33980141511335,0.0007999516960666142
1000,0.0375,46.98504895007744,46.98423715171315,0.0008117983642890181
1000,0.0385,47.62254137823561,47.621718395142864,0.000822983092746199
1000,0.0395,48.25293566921162,48.25210216243657,0.000833506775045123
1000,0.0405,48.87609177014342,48.87524839873039,0.0008433714130262615
1000,0.0415,49.491872583419884,49.491020003315384,0.0008525801044996228
1000,0.0425,50.10014398974369,50.099282852714914,0.0008611370287781028
1000,0.043500000000000004,50.70077486823902,50.699905820809136,0.0008690474298873596
1000,0.0445,51.293637113631945,51.292760796034266,0.0008763175976795878
1000,0.0455,51.878605650536606,51.87772269568991,0.0008829548466948722
1000,0.0465,52.455558444885476,52.454669477392535,0.000888967492940651
1000,0.0475,53.024376512547015,53.0234821477183,0.0008943648287171868
1000,0.0485,53.58494392517887,53.58404476808357,0.0008991570952971983
1000,0.0495,54.13714781336963,54.136244457915794,0.0009033554538362409
1000,0.0505,54.68087836712692,54.67997139517253,0.0009069719543930432
1000,0.051500000000000004,55.21602883377366,55.21511881427057,0.0009100195030953273
1000,0.0525,55.74249551331933,55.74158300149156,0.0009125118277637512
1000,0.0535,56.26017775137656,56.25926328793483,0.0009144634417310726
1000,0.0545,56.76897792969804,56.768062040091706,0.0009158896063325983
1000,0.0555,57.26880145441177,57.26788464811996,0.0009168062918121223
1000,0.0565,57.75955674203719,57.7586395119003,0.0009172301368920444
1000,0.0575,58.2411552033674,58.24023802496022,0.0009171784071781985
1000,0.0585,58.71351122530622,58.71259455635399,0.0009166689522288607
1000,0.059500000000000004,59.17654215075209,59.17562643059031,0.0009157201617782107
1000,0.0605,59.63016825662292,59.6292539057021,0.0009143509208229261
1000,0.0615,60.07431273011936,60.07340014955554,0.0009125805638205975
1000,0.0625,60.50890164332575,60.50799121449741,0.0009104288283410256
1000,0.0635,60.933863926250396,60.932956010442545,0.0009079158078506566
1000,0.0645,61.34913133840844,61.34822627650446,0.0009050619039783214
1000,0.0655,61.75463843905276,61.753736551274265,0.0009018877784967572
1000,0.0665,62.150322556158855,62.14942414185414,0.0008984143047143789
1000,0.0675,62.53612375427186,62.53522909175302,0.0008946625188457347
1000,0.0685,62.91198480132394,62.911094147752756,0.0008906535711830088
1000,0.0695,63.277851134531275,63.27696472585406,0.000886408677217787
1000,0.07050000000000001,63.63367082548043,63.63278887641151,0.0008819490689191412
1000,0.07150000000000001,63.97939454451385,63.97851724856768,0.0008772959461751384
1000,0.0725,64.31497552452404,64.31410305409547,0.0008724704285754115
1000,0.0735,64.64036952426615,64.63950203075862,0.0008674935075276835
1000,0.0745,64.95553479129758,64.9546724052986,0.00086238599898536
1000,0.0755,65.26043202465283,65.25957485615608,0.0008571684967506599
1000,0.0765,65.55502433736049,65.55417247603404,0.000851861326452763
1000,0.0775,65.83927721890828,65.83843073440786,0.0008464845004141353
1000,0.0785,66.11315849776014,66.11231744008671,0.0008410576734263486
1000,0.0795,66.37663830402826,66.37580270392888,0.0008356000993785528
1000,0.0805,66.62968903240028,66.62885890181101,0.0008301305892643995
1000,0.0815,66.87228530542018,66.87146063795001,0.0008246674701695156
1000,0.0825,67.10440393721906,67.10358470867352,0.0008192285455379533
1000,0.0835,67.32602389778894,67.32521006673204,0.0008138310569023588
1000,0.0845,67.53712627789045,67.53631778624342,0.0008084916470352255
1000,0.0855,67.73769425468201,67.73689102835763,0.0008032263243791249
1000,0.08650000000000001,67.9277130581551,67.92691500772554,0.000798050429565933
1000,0.08750000000000001,68.10716993845666,68.1063769598536,0.0007929786030587138
1000,0.0885,68.2760541341764,68.27526610942158,0.0007880247548257557
1000,0.0895,68.43435684167302,68.43357363963732,0.000783202035705699
1000,0.0905,68.58207118550949,68.58129266269881,0.0007785228106769182
1000,0.0915,68.71919219006362,68.71841819142973,0.0007739986338890503
1000,0.0925,68.8457167523762,68.84494711215031,0.0007696402258972057
1000,0.0935,68.96164361629418,68.96087815884171,0.0007654574524735835
1000,0.0945,69.06697334796321,69.06621188865725,0.0007614593059628305
1000,0.0955,69.1617083127179,69.16095065882968,0.0007576538882290151
1000,0.0965,69.24585265341501,69.24509860501894,0.0007540483960752908
1000,0.0975,69.3194122702491,69.31866162114056,0.0007506491085393918
1000,0.0985,69.38239480208641,69.38164734071005,0.0007474613763633897
1000,0.0995,69.43480960934724,69.43406511973329,0.0007444896139503498
1000,0.1005,69.47666775846253,69.47592602116961,0.0007417372929126032
1000,0.1015,69.50798200792593,69.50724280098751,0.0007392069384195565
1000,0.10250000000000001,69.528766795957,69.52802989582969,0.0007369001273076492
1000,0.10350000000000001,69.53903822978702,69.53830341229846,0.0007348174885635217
1000,0.1045,69.53881407657347,69.53808111786748,0.0007329587059956566
1000,0.1055,69.52811375594476,69.52738243342178,0.000731322522980804
1000,0.1065,69.50695833417154,69.50622842742206,0.0007299067494841438
1000,0.1075,69.47537051995654,69.47464181168533,0.000728708271211076
1000,0.1085,69.43337466182919,69.43264693876853,0.0007277230606632656
1000,0.1095,69.38099674712801,69.38026980093736,0.000726946190653166
1000,0.1105,69.31826440254726,69.31753803069782,0.0007263718494385785
1000,0.1115,69.24520689622118,69.24448090286286,0.0007259933583156908
1000,0.1125,69.16185514131384,69.16112933812305,0.0007258031907895202
1000,0.1135,69.06824170107808,69.06751590808418,0.0007257929939044061
1000,0.1145,68.96440079534337,68.96367484173194,0.0007259536114219145
1000,0.1155,68.8503683083871,68.84964203327841,0.0007262751086898334
1000,0.1165,68.72618179814084,68.72545505134144,0.0007267467994012122
1000,0.11750000000000001,68.59188050667791,68.59115314940385,0.0007273572740587042
1000,0.11850000000000001,68.44750537192583,68.44677727749585,0.0007280944299736802
1000,0.11950000000000001,68.29309904054247,68.29237009503953,0.0007289455029422243
1000,0.1205,68.12870588189203,68.12797598479179,0.0007298971002427379
1000,0.1215,67.95437200305304,67.95364106781773,0.0007309352353104259
1000,0.1225,67.77014526478713,67.76941321942364,0.0007320453634918067
1000,0.1235,67.57607529839511,67.57534208597588,0.0007332124192345191
1000,0.1245,67.37221352338287,67.37147910252855,0.0007344208543145214
1000,0.1255,67.15861316585794,67.15787751118066,0.0007356546772854244
1000,0.1265,66.93532927757418,66.93459238008032,0.0007368974938657402
1000,0.1275,66.70241875554045,66.70168062299231,0.00073813254813615
1000,0.1285,66.45994036210651,66.45920101934179,0.0007393427647173212
1000,0.1295,66.20795474543773,66.20721423464613,0.0007405107916014231
1000,0.1305,65.94652446028864,65.94578284124509,0.0007416190435520775
1000,0.1315,65.67571398898325,65.67497133923722,0.0007426497460301107
1000,0.1325,65.39558976250997,65.39484617753023,0.0007435849797445826
1000,0.1335,65.10622018163649,65.10547577491127,0.0007444067252180275
1000,0.1345,64.80767563795051,64.80693054104273,0.0007450969077780201
1000,0.1355,64.50002853473082,64.49928289728808,0.0007456374427334822
1000,0.1365,64.18335330755306,64.18260729727271,0.0007460102803520385
1000,0.1375,63.8577264445347,63.856980247083726,0.0007461974509723746
1000,0.1385,63.52322650612312,63.522480325013284,0.0007461811098394833
1000,0.1395,63.17993414433229,63.17918820075062,0.0007459435816699056
1000,0.1405,62.827932121332566,62.82718665392763,0.0007454674049327537
1000,0.14150000000000001,62.467305327300096,62.46656059192463,0.0007447353754628239
1000,0.14250000000000002,62.09814079743299,62.09739706684324,0.0007437305897468605
1000,0.14350000000000002,61.72052772804229,61.719785291554935,0.0007424364873571676
1000,0.1445,61.334557491627834,61.333816654735145,0.0007408368926888897
1000,0.1455,60.94032365085027,60.93958473479442,0.0007389160558446406
1000,0.1465,60.53792197131273,60.53718531262014,0.0007366586925883212
1000,0.1475,60.127450433067416,60.126716383044254,0.0007340500231620695
1000,0.1485,59.70900924076514,59.70827816495495,0.0007310758101937154
1000,0.1495,59.28270083236754,59.28197310997243,0.0007277223951120959
1000,0.1505,58.848629886345456,58.847905909611995,0.0007239767334610292
1000,0.1515,58.40690332728879,58.40618350085997,0.0007198264288206246
1000,0.1525,57.95763032985684,57.956915070091554,0.0007152597652861914
1000,0.1535,57.50092232100118,57.50021205526282,0.0007102657383555311
1000,0.1545,57.036892980396274,57.03618814631207,0.0007048340842032985
1000,0.1555,56.5656582390172,56.56495928370966,0.0006989553075413824
1000,0.1565,56.08733627580654,56.08664365509914,0.000692620707404501
1000,0.1575,55.602047512377446,55.60136168997596,0.0006858224014862913
1000,0.1585,55.109914605702905,55.10923605235453,0.0006785533483721906
1000,0.1595,54.61106243874603,54.610391631377894,0.0006708073681380711
1000,0.1605,54.105618108989724,54.10495552982891,0.0006625791608101395
1000,0.1615,53.5937109148291,53.593057050506125,0.0006538643229774266
1000,0.1625,53.07547233979374,53.07482768043138,0.0006446593623579133
1000,0.1635,52.55103603457186,52.55040107286156,0.0006349617102969773
1000,0.1645,52.020537796812675,52.01991302708042,0.0006247697322550039
1000,0.1655,51.48411554868824,51.483501465952074,0.0006140827361633683
1000,0.1665,50.941909312200096,50.941306411221454,0.000602900978641685
1000,0.1675,50.394061182221655,50.393469956552565,0.0005912256690905338
1000,0.1685,49.840715297271025,49.84013623829928,0.0005790589717449279
1000,0.1695,49.28201780801458,49.28145140400917,0.0005664040054114139
1000,0.1705,48.71811684350585,48.71756357866461,0.0005532648412369667
1000,0.1715,48.14916247516916,48.14862282867105,0.0005396464981117788
1000,0.17250000000000001,47.57530667854263,47.57478112360643,0.0005255549362033207
1000,0.17350000000000002,46.99670329279917,46.996192295750916,0.000510997048252193
1000,0.17450000000000002,46.4135079780693,46.413011997420696,0.0004959806486013463
1000,0.17550000000000002,45.825878170594684,45.82539765613413,0.0004805144605555256
1000,0.1765,45.23397303574459,45.233508427643436,0.00046460810115434015
1000,0.1775,44.63795341893365,44.637505146869096,0.0004482720645526683
1000,0.1785,44.037981794482405,44.03755027677961,0.00043151770279337143
1000,0.1795,43.43422221246765,43.43380785526246,0.00041435720519444885
1000,0.1805,42.826840243612786,42.8264434400374,0.0003968035753842969
1000,0.1815,42.21600292227362,42.21562405166671,0.0003788706069087766
1000,0.1825,41.60187868757841,41.60151811472166,0.0003605728567563915
1000,0.1835,40.98463732278529,40.98429539716797,0.00034192561732027116
1000,0.1845,40.364449892923844,40.36412694803726,0.00032294488658379805
1000,0.1855,39.74148868079142,39.741185033454556,0.0003036473368638326
1000,0.1865,39.11592712137827,39.115643071096386,0.0002840502818841628
1000,0.1875,38.48793973479894,38.487675563156444,0.00026417164249892267
1000,0.1885,37.857702057810606,37.85745802789962,0.00024402991098781968
1000,0.1895,37.22539057400208,37.22516692988805,0.00022364411402975293
1000,0.1905,36.59118264274013,36.5909796089655,0.00020303377463193328
1000,0.1915,35.955256426962265,35.955074208089535,0.0001822188727302887
1000,0.1925,35.317790819907906,35.31762960010303,0.00016121980487326937
1000,0.1935,34.6789653708819,34.678825313538965,0.0001400573429322094
1000,0.1945,34.03896021014654,34.03884145755455,0.00011875259199456423
1000,0.1955,33.397955973040176,33.39785864609274,9.732694743291859e-05
1000,0.1965,32.7561337234221,32.75605792137065,7.580205145529817e-05
1000,0.1975,32.1136748765448,32.113620676795975,5.4199748824146354e-05
1000,0.1985,31.470761121456146,31.470728579413635,3.2542042511352065e-05
1000,0.1995,30.827574343034758,30.82756349198612,1.0851048639182181e-05
