model,scenario,period,days,mean_tas_C,absolute_max_tas_C,absolute_min_tas_C,mean_hurs_pct,total_precip_mm,mean_rsds_W_m2,mean_rlds_W_m2,mean_wind_m_s,max_hourly_precip_mm_h,max_hourly_rsds_W_m2
ACCESS-CM2,ssp245,2040-2060,7671,29.736697,52.451074,-1.452094,28.578208,1951.563413,273.249990,382.843773,3.078601,30.628410,1200.000000
ACCESS-CM2,ssp245,2080-2100,7670,31.101412,53.256738,1.695825,28.944543,2970.553003,277.397497,392.989049,3.084448,28.226361,1200.000000
ACCESS-CM2,ssp585,2040-2060,7671,30.214734,52.249445,1.774530,29.212843,2139.880012,274.012122,387.354587,3.100505,26.897221,1200.000000
ACCESS-CM2,ssp585,2080-2100,7670,33.971879,56.530359,6.482660,30.322443,2666.806642,268.605951,418.752304,3.175763,27.138614,1200.000000
CanESM5,ssp245,2040-2060,7665,29.960268,50.503137,4.462335,29.457400,2468.238419,273.001449,384.282887,3.113095,24.613999,1200.000000
CanESM5,ssp245,2080-2100,7665,31.422134,52.393182,5.513269,29.546020,2863.327259,277.798742,393.631130,3.152991,18.668890,1200.000000
CanESM5,ssp585,2040-2060,7665,30.928210,52.077997,3.898767,30.329851,3837.755370,272.843016,393.275475,3.137928,39.538284,1200.000000
CanESM5,ssp585,2080-2100,7665,35.324767,55.653040,8.393793,32.366169,5399.653959,268.808011,421.558657,3.278089,30.850567,1200.000000
IPSL-CM6A-LR,ssp245,2040-2060,7671,28.894587,51.130884,1.532404,27.843641,3005.027407,268.799482,377.920257,2.897083,48.851359,1200.000000
IPSL-CM6A-LR,ssp245,2080-2100,7670,30.231679,51.663599,1.633356,28.889700,3610.655789,267.646742,390.649001,2.893711,22.723282,1200.000000
IPSL-CM6A-LR,ssp585,2040-2060,7671,29.446817,51.231042,0.029932,28.174642,2833.994466,264.355982,384.859929,2.874301,32.576179,1200.000000
IPSL-CM6A-LR,ssp585,2080-2100,7670,33.676519,54.498987,4.761987,27.791896,3547.193189,260.423352,416.738263,3.068286,47.834693,1200.000000
MPI-ESM1-2-HR,ssp245,2040-2060,7671,28.176766,50.726587,-0.216498,28.937341,3027.296944,260.033879,375.470642,2.902357,26.225929,1200.000000
MPI-ESM1-2-HR,ssp245,2080-2100,7670,29.226441,52.035242,-3.052374,29.066517,3626.371320,263.682803,384.866211,2.826891,45.113016,1200.000000
MPI-ESM1-2-HR,ssp585,2040-2060,7671,28.710634,51.972375,1.272241,28.592576,2758.085428,255.040848,380.028672,2.930698,26.277378,1200.000000
MPI-ESM1-2-HR,ssp585,2080-2100,7670,31.457330,53.898676,-0.393134,30.501029,4842.796575,261.863145,411.835229,2.954149,39.116367,1200.000000
MRI-ESM2-0,ssp245,2040-2060,7671,28.730301,50.293909,-3.285132,28.727735,1656.117747,271.463290,376.990425,3.052642,39.627581,1200.000000
MRI-ESM2-0,ssp245,2080-2100,7670,29.708221,52.140619,-3.382208,27.163576,1132.260388,277.605492,381.289663,3.084802,24.637554,1200.000000
MRI-ESM2-0,ssp585,2040-2060,7671,29.605454,51.072748,-0.818884,28.030057,1561.055576,273.480509,382.240159,3.098437,45.262433,1200.000000
MRI-ESM2-0,ssp585,2080-2100,7670,31.921754,53.590509,-3.511359,27.797353,1377.373945,271.739653,403.232796,3.193899,46.664279,1200.000000
