model,scenario,period,days,hourly_rows,max_abs_tmean_error_C,max_abs_tmin_error_C,max_abs_tmax_error_C,max_abs_rhmean_error_pct,max_abs_precip_sum_error_mm,max_abs_rsds_mean_error_W_m2,max_abs_rlds_mean_error_W_m2,max_abs_wind_mean_error_m_s,hourly_tas_min_C,hourly_tas_max_C,hourly_rh_min_pct,hourly_rh_max_pct,hourly_pr_max_mm_h,hourly_rsds_max_W_m2,hourly_rlds_min_W_m2,hourly_rlds_max_W_m2,hourly_wind_max_m_s,negative_values_count,rh_out_of_bounds_count,days_shortwave_capped
ACCESS-CM2,ssp245,2040-2060,7671,184104,2.083333399e-07,0,0,3.333333325e-07,5e-06,2.083334039e-07,2.500000278e-07,2.083333337e-07,-1.452094,52.451074,1.095153,99.612441,30.62841,1200,123.679781,521.602925,13.550783,0,0,51
ACCESS-CM2,ssp245,2080-2100,7670,184080,2.083333399e-07,0,0,3.749999919e-07,4e-06,2.500000278e-07,2.083334039e-07,2.083333337e-07,1.695825,53.256738,1.36671,99.597739,28.226361,1200,118.310958,551.383542,12.959276,0,0,34
ACCESS-CM2,ssp585,2040-2060,7671,184104,2.499999994e-07,0,0,3.333333325e-07,4.000000001e-06,1.666666947e-07,2.083334039e-07,2.500000003e-07,1.77453,52.249445,1.417151,99.461463,26.897221,1200,178.694498,532.371419,13.194156,0,0,42
ACCESS-CM2,ssp585,2080-2100,7670,184080,2.083333364e-07,0,0,3.333333289e-07,4e-06,2.499999709e-07,2.083334039e-07,2.083333337e-07,6.48266,56.530359,1.694385,99.638428,27.138614,1200,235.857656,553.505487,12.766376,0,0,32
CanESM5,ssp245,2040-2060,7665,183960,2.083333328e-07,0,0,3.333333325e-07,4e-06,2.08333347e-07,2.083334039e-07,2.083333337e-07,4.462335,50.503137,2.108913,99.535141,24.613999,1200,219.910442,548.153679,11.709791,0,0,17
CanESM5,ssp245,2080-2100,7665,183960,2.083333328e-07,0,0,3.333333325e-07,5e-06,2.500000278e-07,2.083334039e-07,2.083333337e-07,5.513269,52.393182,2.091178,99.264795,18.66889,1200,224.691201,546.268459,12.618566,0,0,31
CanESM5,ssp585,2040-2060,7665,183960,2.083333399e-07,0,0,2.91666673e-07,4.000000001e-06,2.083332902e-07,2.083334039e-07,2.083333337e-07,3.898767,52.077997,2.901151,99.999992,39.538284,1200,225.669266,548.367574,12.82028,0,0,16
CanESM5,ssp585,2080-2100,7665,183960,2.500000029e-07,0,0,3.333333396e-07,4e-06,2.08333347e-07,2.083334039e-07,2.083333346e-07,8.393793,55.65304,2.028579,99.522887,30.850567,1200,257.840408,561.248646,12.35014,0,0,16
IPSL-CM6A-LR,ssp245,2040-2060,7671,184104,2.083333364e-07,0,0,3.333333396e-07,5.999999996e-06,2.08333347e-07,2.083334039e-07,2.083333335e-07,1.532404,51.130884,0.913941,97.764626,48.851359,1200,221.63128,543.798853,12.962048,0,0,13
IPSL-CM6A-LR,ssp245,2080-2100,7670,184080,2.083333399e-07,0,0,3.333333325e-07,5e-06,2.499999709e-07,2.08333347e-07,2.499999994e-07,1.633356,51.663599,1.116026,99.610406,22.723282,1200,196.59465,546.845854,12.061585,0,0,10
IPSL-CM6A-LR,ssp585,2040-2060,7671,184104,2.083333257e-07,0,0,3.333333325e-07,4e-06,2.08333347e-07,2.083334039e-07,2.499999994e-07,0.029932,51.231042,1.339766,99.999994,32.576179,1200,173.937878,537.798975,11.576638,0,0,4
IPSL-CM6A-LR,ssp585,2080-2100,7670,184080,2.083333399e-07,0,0,3.333333289e-07,4e-06,2.500000278e-07,2.499999709e-07,2.083333335e-07,4.761987,54.498987,0.789882,99.999983,47.834693,1200,223.151515,563.878457,14.203339,0,0,20
MPI-ESM1-2-HR,ssp245,2040-2060,7671,184104,2.083333328e-07,0,0,3.333333325e-07,5e-06,2.08333347e-07,2.083334039e-07,2.083333333e-07,-0.216498,50.726587,0.473521,99.999989,26.225929,1200,177.184246,526.040026,15.598985,0,0,2
MPI-ESM1-2-HR,ssp245,2080-2100,7670,184080,2.083333328e-07,0,0,3.333333325e-07,4.000000001e-06,2.083332902e-07,2.08333347e-07,2.500000003e-07,-3.052374,52.035242,0.315455,99.63481,45.113016,1200,210.713463,559.351314,12.082564,0,0,8
MPI-ESM1-2-HR,ssp585,2040-2060,7671,184104,2.083333364e-07,0,0,2.91666673e-07,4.000000001e-06,2.08333347e-07,2.083334039e-07,2.083333337e-07,1.272241,51.972375,0.836612,99.182827,26.277378,1200,213.957797,530.257706,13.165415,0,0,5
MPI-ESM1-2-HR,ssp585,2080-2100,7670,184080,2.083333328e-07,0,0,3.333333325e-07,4.000000004e-06,2.08333347e-07,2.083334039e-07,2.916666668e-07,-0.393134,53.898676,0.924942,99.271088,39.116367,1200,220.146467,558.893249,15.803363,0,0,6
MRI-ESM2-0,ssp245,2040-2060,7671,184104,2.083333364e-07,0,0,2.91666673e-07,4.000000001e-06,1.666667231e-07,2.500000846e-07,2.083333337e-07,-3.285132,50.293909,0.833264,99.641279,39.627581,1200,186.674517,567.196673,14.607072,0,0,34
MRI-ESM2-0,ssp245,2080-2100,7670,184080,2.083333346e-07,0,0,3.333333325e-07,3e-06,2.500000278e-07,2.500000278e-07,2.083333337e-07,-3.382208,52.140619,0.802729,99.29334,24.637554,1200,216.266614,562.197709,14.616531,0,0,42
MRI-ESM2-0,ssp585,2040-2060,7671,184104,2.083333364e-07,0,0,2.916666659e-07,4.999999994e-06,2.08333347e-07,2.500000278e-07,2.083333333e-07,-0.818884,51.072748,0.809598,99.999995,45.262433,1200,210.123991,558.833143,13.891713,0,0,26
MRI-ESM2-0,ssp585,2080-2100,7670,184080,2.083333328e-07,0,0,3.333333325e-07,3e-06,2.083334039e-07,2.083334039e-07,2.083333337e-07,-3.511359,53.590509,0.713955,99.999999,46.664279,1200,214.427658,576.506958,15.256701,0,0,31
