model,scenario,period,file,rows,size_bytes,sha256,calendar,grid_lat,grid_lon
ACCESS-CM2,ssp245,2040-2060,Mohenjo_daro_hourly_ACCESS-CM2_ssp245_2040-2060.csv.gz,184104,7545443,93e59fe6cba3f6e5364b3fb35610db3d9ea7f84fc73495da4bb03a61bab08ace,proleptic_gregorian,27.375,68.125
ACCESS-CM2,ssp245,2080-2100,Mohenjo_daro_hourly_ACCESS-CM2_ssp245_2080-2100.csv.gz,184080,7550716,10f9a6e072321937fe59746c4a696e2f997231b166366e109359071111997cf1,proleptic_gregorian,27.375,68.125
ACCESS-CM2,ssp585,2040-2060,Mohenjo_daro_hourly_ACCESS-CM2_ssp585_2040-2060.csv.gz,184104,7548479,5e664c0a7bf397fddf13d9aee2eeb309dd147e385090efc3eccbe76b04b2d35b,proleptic_gregorian,27.375,68.125
ACCESS-CM2,ssp585,2080-2100,Mohenjo_daro_hourly_ACCESS-CM2_ssp585_2080-2100.csv.gz,184080,7562939,6c70f7853153d58497644f0a62c4f318dc095f5357cba577086e660f6c16ad57,proleptic_gregorian,27.375,68.125
CanESM5,ssp245,2040-2060,Mohenjo_daro_hourly_CanESM5_ssp245_2040-2060.csv.gz,183960,7556041,32613bc25350818299452f91331f5eed94eb940edadaf385613ea930406a426b,365_day,27.375,68.125
CanESM5,ssp245,2080-2100,Mohenjo_daro_hourly_CanESM5_ssp245_2080-2100.csv.gz,183960,7564664,f86d68a794ece787490cf6f0d9379c47bb764a9ee1786a37fa599a3b78aae67e,365_day,27.375,68.125
CanESM5,ssp585,2040-2060,Mohenjo_daro_hourly_CanESM5_ssp585_2040-2060.csv.gz,183960,7564987,21c37b5d8c7e5441609db01636110ac56b53717e211266ab0b24c3dba0750101,365_day,27.375,68.125
CanESM5,ssp585,2080-2100,Mohenjo_daro_hourly_CanESM5_ssp585_2080-2100.csv.gz,183960,7592709,72f02db43cc83665db4c993b5126d3f028b05ad5a3a1c92d16a2da8d0ae73ba9,365_day,27.375,68.125
IPSL-CM6A-LR,ssp245,2040-2060,Mohenjo_daro_hourly_IPSL-CM6A-LR_ssp245_2040-2060.csv.gz,184104,7531374,9156cb23dc287135093dac571c2c4b02da8436c50b4e58543a44d0700c70c38b,standard,27.375,68.125
IPSL-CM6A-LR,ssp245,2080-2100,Mohenjo_daro_hourly_IPSL-CM6A-LR_ssp245_2080-2100.csv.gz,184080,7540801,be2a6141bd6597d8ed95c4d48155c1973ece86c4f77784a0acce44e292405da4,standard,27.375,68.125
IPSL-CM6A-LR,ssp585,2040-2060,Mohenjo_daro_hourly_IPSL-CM6A-LR_ssp585_2040-2060.csv.gz,184104,7532547,3f207ebb6a0109ee5aaece73ff738f09c95746065c7a89b38784a47cc37ad58a,standard,27.375,68.125
IPSL-CM6A-LR,ssp585,2080-2100,Mohenjo_daro_hourly_IPSL-CM6A-LR_ssp585_2080-2100.csv.gz,184080,7541922,f97a703c3e9ca81225a47d9c12d7d04d4baa55482427891475192f1b1028dc74,standard,27.375,68.125
MPI-ESM1-2-HR,ssp245,2040-2060,Mohenjo_daro_hourly_MPI-ESM1-2-HR_ssp245_2040-2060.csv.gz,184104,7533483,7ace10d641c7ced75712d12d215a5acf0578c1146f88a66ba8214a4b0c81234e,proleptic_gregorian,27.375,68.125
MPI-ESM1-2-HR,ssp245,2080-2100,Mohenjo_daro_hourly_MPI-ESM1-2-HR_ssp245_2080-2100.csv.gz,184080,7534915,381624d11cceaf35fcf143a39ee04c30318bef2920ee8221c173a90d93f03036,proleptic_gregorian,27.375,68.125
MPI-ESM1-2-HR,ssp585,2040-2060,Mohenjo_daro_hourly_MPI-ESM1-2-HR_ssp585_2040-2060.csv.gz,184104,7532432,73581e62a5ee145a2da909f78bb00c75a7fee35a4b6b12adc1ffbebe792cb854,proleptic_gregorian,27.375,68.125
MPI-ESM1-2-HR,ssp585,2080-2100,Mohenjo_daro_hourly_MPI-ESM1-2-HR_ssp585_2080-2100.csv.gz,184080,7551229,69d01dac845e0973e645998c7101c4636bed89049b9c2a55a2f8d9c769e449ef,proleptic_gregorian,27.375,68.125
MRI-ESM2-0,ssp245,2040-2060,Mohenjo_daro_hourly_MRI-ESM2-0_ssp245_2040-2060.csv.gz,184104,7526544,eaaf3790bcc031e5678e953c826c9350439f3fe65e06abf86b04969f3b695f04,proleptic_gregorian,27.375,68.125
MRI-ESM2-0,ssp245,2080-2100,Mohenjo_daro_hourly_MRI-ESM2-0_ssp245_2080-2100.csv.gz,184080,7523703,e75611eab3a22f5782b9a45010c023fe4c8b951fcad49dad47837ce579827b08,proleptic_gregorian,27.375,68.125
MRI-ESM2-0,ssp585,2040-2060,Mohenjo_daro_hourly_MRI-ESM2-0_ssp585_2040-2060.csv.gz,184104,7524984,bf741fcd294bf0ff8c15bd547698119729a1eb51838e8953550dad50eb37a8fc,proleptic_gregorian,27.375,68.125
MRI-ESM2-0,ssp585,2080-2100,Mohenjo_daro_hourly_MRI-ESM2-0_ssp585_2080-2100.csv.gz,184080,7530248,3345042692755d19b33f20239ac2701679ad8960d7c11be185cf8dbcfcfdb93a,proleptic_gregorian,27.375,68.125
